respondent_id,group,pgy,pgy_raw,comfort,confidence,emergency_correct,head_correct,body_correct,mouth_correct,knowledge_score,clarity,carry,remind_freq,new_onset_use,new_onset_score,chronic_use,chronic_score,recommend_colleague,recommend_trainee,recommend_patient,past_discussion,emergency,head,body,mouth
1,Child,3,PGY 3,4,4,1,0,0,1,2,4,In my doctor bag,A few times a year,"Often, if I am discussing seizure safety with new patients",3,"Often, if I believe the patient will find it interesting to discuss",3,4,4,4,I verbally explained to them the steps of seizure safety.,If the seizure lasts longer than 5 minutes,There is no evidence that the head position makes any difference,There is no evidence that body position makes any difference,Nothing
2,Adult,5,5,5,4,1,1,1,1,4,5,On my keyring,Multiple times a day,"Occasionally, if I believe a visual description of seizure safety will benefit the patient",2,"Occasionally, if I am reminding a patient of seizure safety",2,5,5,5,I verbally explained to them the steps of seizure safety.,If the seizure lasts longer than 5 minutes,Protect the head by placing a soft object between the head and the ground,Facing sideways with mouth pointing toward the ground,Nothing
3,Child,5,PGY 5,5,5,1,1,0,1,3,3,I do not plan to keep it with me,"Rarely, almost never","Occasionally, if I believe a visual description of seizure safety will benefit the patient",2,"Rarely, almost never",1,4,4,4,I verbally explained to them the steps of seizure safety.,If the seizure lasts longer than 5 minutes,Protect the head by placing a soft object between the head and the ground,Body facing upwards toward the sky or ceiling and head is turned to left or right side,Nothing
4,Adult,6,6,4,4,1,1,1,1,4,5,In my doctor bag,A few times a year,Every new patient appointment,4,"Often, if I believe the patient will find it interesting to discuss",3,5,5,5,I verbally explained to them the steps of seizure safety.,If the seizure lasts longer than 5 minutes,Protect the head by placing a soft object between the head and the ground,Facing sideways with mouth pointing toward the ground,Nothing
5,Child,5,PGY 5,5,5,1,1,0,1,3,5,In my doctor bag,"Rarely, almost never","Occasionally, if I believe a visual description of seizure safety will benefit the patient",2,"Occasionally, if I am reminding a patient of seizure safety",2,5,5,5,I verbally explained to them the steps of seizure safety.,If the seizure lasts longer than 5 minutes,Protect the head by placing a soft object between the head and the ground,Body facing upwards toward the sky or ceiling and head is turned to left or right side,Nothing
6,Adult,2,2,4,3,1,1,1,1,4,3,In my doctor bag,A few times a week,"Often, if I am discussing seizure safety with new patients",3,"Often, if I believe the patient will find it interesting to discuss",3,5,5,5,I gave them a paper that included steps for seizure safety.,If the seizure lasts longer than 5 minutes,Protect the head by placing a soft object between the head and the ground,Facing sideways with mouth pointing toward the ground,Nothing
7,Child,5,PGY 5,5,5,1,0,0,1,2,5,In my doctor bag,A few times a week,Every new patient appointment,4,"Occasionally, if I am reminding a patient of seizure safety",2,5,5,5,Verbal discussion and paper documentation,If the seizure lasts longer than 5 minutes,There is no evidence that the head position makes any difference,Body facing upwards toward the sky or ceiling and head is turned to left or right side,Nothing
8,Adult,3,3,5,5,1,1,1,1,4,5,In my doctor bag,A few times a month,"Often, if I am discussing seizure safety with new patients",3,"Occasionally, if I am reminding a patient of seizure safety",2,4,4,5,I verbally explained to them the steps of seizure safety.,If the seizure lasts longer than 5 minutes,Protect the head by placing a soft object between the head and the ground,Facing sideways with mouth pointing toward the ground,Nothing
9,Child,3,PGY 3,4,3,1,1,1,1,4,5,In my doctor bag,A few times a month,"Often, if I am discussing seizure safety with new patients",3,"At all upcoming appointments, until I have shown it to all of my existing patients",4,5,5,5,I recommend websites and provide verbal guidance,If the seizure lasts longer than 5 minutes,Protect the head by placing a soft object between the head and the ground,Facing sideways with mouth pointing toward the ground,Nothing
10,Adult,3,3,3,3,1,1,0,1,3,3,On my keyring,A few times a month,"Occasionally, if I believe a visual description of seizure safety will benefit the patient",2,"Occasionally, if I am reminding a patient of seizure safety",2,4,4,4,I verbally explained to them the steps of seizure safety.,If the seizure lasts longer than 5 minutes,Protect the head by placing a soft object between the head and the ground,Body facing upwards toward the sky or ceiling and head is turned to left or right side,Nothing
11,Child,3,PGY 3,4,4,1,1,1,1,4,3,In my doctor bag,A few times a month,"Often, if I am discussing seizure safety with new patients",3,"Occasionally, if I am reminding a patient of seizure safety",2,4,4,4,I verbally explained to them the steps of seizure safety.,If the seizure lasts longer than 5 minutes,Protect the head by placing a soft object between the head and the ground,Facing sideways with mouth pointing toward the ground,Nothing
12,Adult,3,3,4,3,1,1,1,1,4,5,In my doctor bag,"Rarely, almost never","Occasionally, if I believe a visual description of seizure safety will benefit the patient",2,"Occasionally, if I am reminding a patient of seizure safety",2,4,4,4,"I showed them a poster, flowchart, list, or other visual representation of seizure safety.",If the seizure lasts longer than 5 minutes,Protect the head by placing a soft object between the head and the ground,Facing sideways with mouth pointing toward the ground,Nothing
13,Child,3,PGY 3,4,4,1,1,1,1,4,5,On my keyring,A few times a month,"Often, if I am discussing seizure safety with new patients",3,"At all upcoming appointments, until I have shown it to all of my existing patients",4,5,5,5,I verbally explained to them the steps of seizure safety.,If the seizure lasts longer than 5 minutes,Protect the head by placing a soft object between the head and the ground,Facing sideways with mouth pointing toward the ground,Nothing
14,Adult,4,4,5,4,1,1,1,1,4,4,In my doctor bag,A few times a year,"Often, if I am discussing seizure safety with new patients",3,"At all upcoming appointments, until I have shown it to all of my existing patients",4,4,4,4,I verbally explained to them the steps of seizure safety.,If the seizure lasts longer than 5 minutes,Protect the head by placing a soft object between the head and the ground,Facing sideways with mouth pointing toward the ground,Nothing
15,Child,7,PGY 7,5,5,1,1,1,1,4,5,In my doctor bag,"Rarely, almost never",Every new patient appointment,4,"Occasionally, if I am reminding a patient of seizure safety",2,4,5,5,I verbally explained to them the steps of seizure safety.,If the seizure lasts longer than 5 minutes,Protect the head by placing a soft object between the head and the ground,Facing sideways with mouth pointing toward the ground,Nothing
16,Adult,4,4,4,4,1,1,1,1,4,5,In my doctor bag,"Rarely, almost never",Every new patient appointment,4,"Every time, even if I have already shown it to them",4,5,5,5,Combination of the above,If the seizure lasts longer than 5 minutes,Protect the head by placing a soft object between the head and the ground,Facing sideways with mouth pointing toward the ground,Nothing
17,Child,7,PGY 7,5,5,1,1,1,1,4,5,On my keyring,"Rarely, almost never",Every new patient appointment,4,"At all upcoming appointments, until I have shown it to all of my existing patients",4,5,5,5,"Verbally discuss seizure in clinic, and then by EMR send a procured information sheet for reiteration, and with directions to formal sources of Seizure First Aid and similar.",If the seizure lasts longer than 5 minutes,Protect the head by placing a soft object between the head and the ground,Facing sideways with mouth pointing toward the ground,Nothing
18,Adult,4,4,3,3,1,1,1,1,4,5,In my doctor bag,A few times a month,"Often, if I am discussing seizure safety with new patients",3,"At all upcoming appointments, until I have shown it to all of my existing patients",4,4,4,4,I gave them a paper that included steps for seizure safety.,If the seizure lasts longer than 5 minutes,Protect the head by placing a soft object between the head and the ground,Facing sideways with mouth pointing toward the ground,Nothing
19,Child,4,PGY 4,5,5,1,1,1,1,4,5,On my keyring,"Rarely, almost never",Every new patient appointment,4,"At all upcoming appointments, until I have shown it to all of my existing patients",4,5,5,5,I verbally explained to them the steps of seizure safety.,If the seizure lasts longer than 5 minutes,Protect the head by placing a soft object between the head and the ground,Facing sideways with mouth pointing toward the ground,Nothing
20,Adult,4,PGY4,4,4,1,1,1,1,4,5,In my doctor bag,"Rarely, almost never","Occasionally, if I believe a visual description of seizure safety will benefit the patient",2,"Occasionally, if I am reminding a patient of seizure safety",2,4,4,4,I verbally explained to them the steps of seizure safety.,If the seizure lasts longer than 5 minutes,Protect the head by placing a soft object between the head and the ground,Facing sideways with mouth pointing toward the ground,Nothing
21,Child,3,PGY 3,4,4,1,1,1,1,4,5,On my keyring,A few times a year,Every new patient appointment,4,"Occasionally, if I am reminding a patient of seizure safety",2,5,5,4,I verbally explained to them the steps of seizure safety.,If the seizure lasts longer than 5 minutes,Protect the head by placing a soft object between the head and the ground,Facing sideways with mouth pointing toward the ground,Nothing
22,Adult,1,PGY1,1,1,1,1,1,1,4,5,Attached to my backpack,A few times a month,"Often, if I am discussing seizure safety with new patients",3,"Occasionally, if I am reminding a patient of seizure safety",2,5,5,5,I gave them a paper that included steps for seizure safety.,If the seizure lasts longer than 5 minutes,Protect the head by placing a soft object between the head and the ground,Facing sideways with mouth pointing toward the ground,Nothing
23,Child,6,PGY 6,5,5,1,1,1,1,4,5,On my keyring,A few times a month,"Often, if I am discussing seizure safety with new patients",3,"Occasionally, if I am reminding a patient of seizure safety",2,5,5,5,I verbally explained to them the steps of seizure safety.,If the seizure lasts longer than 5 minutes,Protect the head by placing a soft object between the head and the ground,Facing sideways with mouth pointing toward the ground,Nothing
24,Adult,5,5,5,5,1,1,1,1,4,5,On my keyring,A few times a year,Every new patient appointment,4,"At all upcoming appointments, until I have shown it to all of my existing patients",4,5,5,5,I verbally explained to them the steps of seizure safety.,If the seizure lasts longer than 5 minutes,Protect the head by placing a soft object between the head and the ground,Facing sideways with mouth pointing toward the ground,Nothing
25,Child,5,PGY 5,5,5,1,1,1,1,4,5,Attached to my backpack,Multiple times a day,Every new patient appointment,4,"Occasionally, if I am reminding a patient of seizure safety",2,3,5,5,Verbally and in paper form,If the seizure lasts longer than 5 minutes,Protect the head by placing a soft object between the head and the ground,Facing sideways with mouth pointing toward the ground,Nothing
26,Adult,2,pgy2,4,4,1,1,1,1,4,5,On my keyring,A few times a month,Every new patient appointment,4,"At all upcoming appointments, until I have shown it to all of my existing patients",4,5,5,5,I verbally explained to them the steps of seizure safety.,If the seizure lasts longer than 5 minutes,Protect the head by placing a soft object between the head and the ground,Facing sideways with mouth pointing toward the ground,Nothing
27,Child,3,PGY 3,5,4,1,1,1,1,4,4,In my doctor bag,A few times a year,Every new patient appointment,4,"Occasionally, if I am reminding a patient of seizure safety",2,4,4,5,verbal explanation + seize action plan,If the seizure lasts longer than 5 minutes,Protect the head by placing a soft object between the head and the ground,Facing sideways with mouth pointing toward the ground,Nothing
28,Adult,4,PGY4,5,5,1,1,1,1,4,5,In my doctor bag,A few times a week,"Often, if I am discussing seizure safety with new patients",3,"Every time, even if I have already shown it to them",4,4,5,5,I verbally explained to them the steps of seizure safety.,If the seizure lasts longer than 5 minutes,Protect the head by placing a soft object between the head and the ground,Facing sideways with mouth pointing toward the ground,Nothing
29,Child,5,PGY 5,5,4,1,1,1,1,4,5,In my doctor bag,,"Often, if I am discussing seizure safety with new patients",3,"At all upcoming appointments, until I have shown it to all of my existing patients",4,4,5,5,I verbally explained to them the steps of seizure safety.,If the seizure lasts longer than 5 minutes,Protect the head by placing a soft object between the head and the ground,Facing sideways with mouth pointing toward the ground,Nothing
30,Adult,2,Pgy2,4,4,1,1,1,1,4,5,In my doctor bag,"Rarely, almost never","Often, if I am discussing seizure safety with new patients",3,"Occasionally, if I am reminding a patient of seizure safety",2,3,4,5,Did both verbal and written instructions,If the seizure lasts longer than 5 minutes,Protect the head by placing a soft object between the head and the ground,Facing sideways with mouth pointing toward the ground,Nothing
31,Child,4,PGY 4,5,5,1,1,1,1,4,5,I do not plan to keep it with me,"Rarely, almost never",Every new patient appointment,4,"Often, if I believe the patient will find it interesting to discuss",3,4,4,5,I verbally explained to them the steps of seizure safety.,If the seizure lasts longer than 5 minutes,Protect the head by placing a soft object between the head and the ground,Facing sideways with mouth pointing toward the ground,Nothing
32,Adult,2,2,3,3,1,1,0,1,3,3,In my doctor bag,A few times a month,"Occasionally, if I believe a visual description of seizure safety will benefit the patient",2,"Occasionally, if I am reminding a patient of seizure safety",2,3,4,4,I verbally explained to them the steps of seizure safety.,If the seizure lasts longer than 5 minutes,Protect the head by placing a soft object between the head and the ground,There is no evidence that body position makes any difference,Nothing
33,Child,4,PGY 4,4,4,1,1,1,1,4,5,I do not plan to keep it with me,A few times a month,"Often, if I am discussing seizure safety with new patients",3,"Occasionally, if I am reminding a patient of seizure safety",2,4,4,5,I verbally explained to them the steps of seizure safety.,If the seizure lasts longer than 5 minutes,Protect the head by placing a soft object between the head and the ground,Facing sideways with mouth pointing toward the ground,Nothing
34,Adult,2,PGY2,4,3,0,1,1,1,3,5,In my doctor bag,A few times a month,"Often, if I am discussing seizure safety with new patients",3,"Every time, even if I have already shown it to them",4,5,5,5,I verbally explained to them the steps of seizure safety.,If the person is lying down,Protect the head by placing a soft object between the head and the ground,Facing sideways with mouth pointing toward the ground,Nothing
35,Child,4,PGY 4,4,4,1,0,1,1,3,5,On my keyring,A few times a week,"Occasionally, if I believe a visual description of seizure safety will benefit the patient",2,"Rarely, almost never",1,5,5,5,I verbally explained to them the steps of seizure safety.,If the seizure lasts longer than 5 minutes,Check the eyes to see which way they are looking,Facing sideways with mouth pointing toward the ground,Nothing
36,Adult,1,PGY1,2,2,1,1,1,0,3,5,Attached to my backpack,A few times a year,"Often, if I am discussing seizure safety with new patients",3,"Often, if I believe the patient will find it interesting to discuss",3,5,5,5,I verbally explained to them the steps of seizure safety.,If the seizure lasts longer than 5 minutes,Protect the head by placing a soft object between the head and the ground,Facing sideways with mouth pointing toward the ground,Any object to prevent them from biting their tongue
37,Child,4,PGY 4,5,4,1,1,1,1,4,5,In my doctor bag,A few times a year,"Often, if I am discussing seizure safety with new patients",3,"Rarely, almost never",1,3,4,4,I verbally explained to them the steps of seizure safety.,If the seizure lasts longer than 5 minutes,Protect the head by placing a soft object between the head and the ground,Facing sideways with mouth pointing toward the ground,Nothing
38,Adult,4,4,5,5,1,0,1,1,3,4,I do not plan to keep it with me,"Rarely, almost never","Often, if I am discussing seizure safety with new patients",3,"Occasionally, if I am reminding a patient of seizure safety",2,4,4,4,I verbally explained to them the steps of seizure safety.,If the seizure lasts longer than 5 minutes,There is no evidence that the head position makes any difference,Facing sideways with mouth pointing toward the ground,Nothing
39,Child,6,PGY 6,5,5,1,1,1,1,4,5,In my lab coat pocket,Multiple times a day,Every new patient appointment,4,"At all upcoming appointments, until I have shown it to all of my existing patients",4,5,5,5,I verbally explained to them the steps of seizure safety.,If the seizure lasts longer than 5 minutes,Protect the head by placing a soft object between the head and the ground,Facing sideways with mouth pointing toward the ground,Nothing
40,Adult,1,1,2,2,1,1,1,1,4,4,On my keyring,A few times a year,Every new patient appointment,4,"Occasionally, if I am reminding a patient of seizure safety",2,4,4,5,I verbally explained to them the steps of seizure safety.,If the seizure lasts longer than 5 minutes,Protect the head by placing a soft object between the head and the ground,Facing sideways with mouth pointing toward the ground,Nothing
41,Child,6,PGY 6,5,5,1,1,1,1,4,5,On my keyring,"Rarely, almost never",Every new patient appointment,4,"At all upcoming appointments, until I have shown it to all of my existing patients",4,5,5,5,I verbally explained to them the steps of seizure safety.,If the seizure lasts longer than 5 minutes,Protect the head by placing a soft object between the head and the ground,Facing sideways with mouth pointing toward the ground,Nothing
42,Adult,1,PGY1,3,3,1,1,0,1,3,5,On my keyring,A few times a week,"Often, if I am discussing seizure safety with new patients",3,"Occasionally, if I am reminding a patient of seizure safety",2,5,5,5,I verbally explained to them the steps of seizure safety.,If the seizure lasts longer than 5 minutes,Protect the head by placing a soft object between the head and the ground,There is no evidence that body position makes any difference,Nothing
43,Child,4,PGY 4,5,5,1,1,1,1,4,5,In my doctor bag,"Rarely, almost never",Every new patient appointment,4,"At all upcoming appointments, until I have shown it to all of my existing patients",4,5,5,5,I verbally explained to them the steps of seizure safety.,If the seizure lasts longer than 5 minutes,Protect the head by placing a soft object between the head and the ground,Facing sideways with mouth pointing toward the ground,Nothing
44,Adult,1,PGY1,1,3,1,1,1,1,4,5,On my keyring,A few times a month,"Often, if I am discussing seizure safety with new patients",3,"Every time, even if I have already shown it to them",4,4,5,5,I do not discuss seizure safety with my patients.,If the seizure lasts longer than 5 minutes,Protect the head by placing a soft object between the head and the ground,Facing sideways with mouth pointing toward the ground,Nothing
45,Child,5,PGY 5,5,5,1,1,0,1,3,5,In my doctor bag,A few times a month,Every new patient appointment,4,"Often, if I believe the patient will find it interesting to discuss",3,4,5,5,I verbally explained to them the steps of seizure safety.,If the seizure lasts longer than 5 minutes,Protect the head by placing a soft object between the head and the ground,Facing upwards toward the sky or ceiling,Nothing
46,Adult,2,2,3,3,1,1,1,1,4,5,In my doctor bag,A few times a month,"Occasionally, if I believe a visual description of seizure safety will benefit the patient",2,"Occasionally, if I am reminding a patient of seizure safety",2,5,5,5,I do not discuss seizure safety with my patients.,If the seizure lasts longer than 5 minutes,Protect the head by placing a soft object between the head and the ground,Facing sideways with mouth pointing toward the ground,Nothing
47,Child,4,PGY 4,5,5,1,1,1,1,4,5,On my keyring,"Rarely, almost never","Often, if I am discussing seizure safety with new patients",3,"Occasionally, if I am reminding a patient of seizure safety",2,3,5,3,I verbally explained to them the steps of seizure safety.,If the seizure lasts longer than 5 minutes,Protect the head by placing a soft object between the head and the ground,Facing sideways with mouth pointing toward the ground,Nothing
48,Adult,3,3,4,5,1,1,0,1,3,5,On my keyring,A few times a month,"Often, if I am discussing seizure safety with new patients",3,"Occasionally, if I am reminding a patient of seizure safety",2,5,4,5,I gave them a paper that included steps for seizure safety.,If the seizure lasts longer than 5 minutes,Protect the head by placing a soft object between the head and the ground,Body facing upwards toward the sky or ceiling and head is turned to left or right side,Nothing
49,Child,5,PGY 5,5,5,1,1,1,1,4,5,In my doctor bag,A few times a year,Every new patient appointment,4,"At all upcoming appointments, until I have shown it to all of my existing patients",4,5,5,5,I both verbally explain the steps and include written instructions with those steps.,If the seizure lasts longer than 5 minutes,Protect the head by placing a soft object between the head and the ground,Facing sideways with mouth pointing toward the ground,Nothing
50,Adult,2,PGY2,3,3,1,1,1,1,4,5,In my doctor bag,A few times a month,"Often, if I am discussing seizure safety with new patients",3,"Often, if I believe the patient will find it interesting to discuss",3,5,5,5,I verbally explained to them the steps of seizure safety.,If the seizure lasts longer than 5 minutes,Protect the head by placing a soft object between the head and the ground,Facing sideways with mouth pointing toward the ground,Nothing
51,Child,4,PGY 4,4,2,1,1,1,1,4,4,I do not plan to keep it with me,"Rarely, almost never","Occasionally, if I believe a visual description of seizure safety will benefit the patient",2,"Rarely, almost never",1,3,3,4,I verbally explained to them the steps of seizure safety.,If the seizure lasts longer than 5 minutes,Protect the head by placing a soft object between the head and the ground,Facing sideways with mouth pointing toward the ground,Nothing
